,row_name,col_name,R2
242,K0_CO2,P_CO2,0.9977275131284413
267,K0_H2S,P_H2S,0.9951607502558816
476,Qst_H2O,K0_H2O log10,0.9773308455098941
20,PLD,PLD log10,0.951616771305179
53,LCD,LCD log10,0.9339624275524635
447,Qst_CO2,K0_CO2 log10,0.911663867626737
462,Qst_H2S,K0_H2S log10,0.8836769655499364
144,GSA (m2/g),PV (cc/g) log10,0.8516911303845343
127,GSA (m2/g),PV (cc/g),0.8465574792282187
199,PV (cc/g),PV (cc/g) log10,0.8184423293760518
126,GSA (m2/g),VF,0.8168624196576074
172,VF,PV (cc/g) log10,0.8102551825037505
97,VSA (m2/cc),VF,0.7814134231599469
85,Density (g/cc),PV (cc/g) log10,0.7606567524613
531,K0_CO2 log10,P_CO2 log10,0.7397195895190276
451,Qst_CO2,DC_CO2 log10,0.7355204064806553
324,DC_CH4,DC_CH4 log10,0.7189717710266694
483,PLD log10,LCD log10,0.7038871652710894
96,VSA (m2/cc),GSA (m2/g),0.7020408263457234
449,Qst_CO2,K0_H2O log10,0.6877838600919746
155,VF,PV (cc/g),0.6736722448713073
442,Qst_CO2,Qst_H2O,0.6716162045502668
346,DC_CO2,DC_CO2 log10,0.6645804791916484
21,PLD,LCD log10,0.6626145173129655
330,DC_CO2,DC_H2S,0.6530551462775617
0,PLD,LCD,0.650656925997342
526,K0_CO2 log10,K0_H2O log10,0.6403556865181883
52,LCD,PLD log10,0.6373091737324733
525,K0_CO2 log10,K0_H2S log10,0.6337219546775942
431,Qst_CH4,K0_CH4 log10,0.6202662852494901
441,Qst_CO2,Qst_H2S,0.6195061538003637
37,LCD,PV (cc/g),0.6009581410380219
367,DC_H2S,DC_H2S log10,0.5976644741180883
466,Qst_H2S,DC_H2S log10,0.5944455526075864
474,Qst_H2O,K0_CO2 log10,0.5938405486119197
226,K0_CH4,K0_CH4 log10,0.589822038005225
539,K0_H2S log10,P_H2S log10,0.587380374975704
528,K0_CO2 log10,DC_CO2 log10,0.5841374304657857
461,Qst_H2S,K0_CO2 log10,0.5799535839256577
115,VSA (m2/cc),PV (cc/g) log10,0.5725778980970306
171,VF,LCD log10,0.5724982078666957
560,P_CO2 log10,P_H2S log10,0.570827114604028
454,Qst_CO2,P_CO2 log10,0.5573595747179322
448,Qst_CO2,K0_H2S log10,0.5461796193829158
309,DC_CH4,DC_H2S,0.5456152012486104
538,K0_H2S log10,P_CO2 log10,0.5408202596670483
36,LCD,VF,0.533081833626202
478,Qst_H2O,DC_CO2 log10,0.5321281245307902
541,K0_H2O log10,DC_CO2 log10,0.5318348612748212
166,VF,Qst_CH4,0.5272627431969832
198,PV (cc/g),LCD log10,0.5127126400886108
335,DC_CO2,Qst_CO2,0.5046296935619167
551,DC_CO2 log10,DC_H2S log10,0.502642724996708
66,Density (g/cc),GSA (m2/g),0.49088751115084367
347,DC_CO2,DC_H2S log10,0.48333707084026356
495,LCD log10,PV (cc/g) log10,0.4816526053903349
68,Density (g/cc),PV (cc/g),0.48005600122382086
143,GSA (m2/g),LCD log10,0.47975847698446444
109,VSA (m2/cc),Qst_CH4,0.47953545035943923
35,LCD,GSA (m2/g),0.47831186961854283
54,LCD,PV (cc/g) log10,0.4740695650834146
465,Qst_H2S,DC_CO2 log10,0.4721870659184446
559,P_CH4 log10,P_H2S log10,0.4386319862546129
336,DC_CO2,Qst_H2S,0.4383200244483328
138,GSA (m2/g),Qst_CH4,0.4353073470604482
429,Qst_CH4,LCD log10,0.4251477936762087
536,K0_H2S log10,DC_H2S log10,0.42371844686478
216,K0_CH4,P_CH4,0.4185743993284706
365,DC_H2S,DC_CH4 log10,0.41198494249853196
219,K0_CH4,Qst_CH4,0.403885702751845
522,K0_CH4 log10,P_CH4 log10,0.4033443965277242
428,Qst_CH4,PLD log10,0.40228416912870957
67,Density (g/cc),VF,0.3960308587535746
468,Qst_H2S,P_CO2 log10,0.38881069550649516
5,PLD,PV (cc/g),0.3881258274963622
469,Qst_H2S,P_H2S log10,0.38790292666276055
170,VF,PLD log10,0.3862539414902098
547,DC_CH4 log10,DC_H2S log10,0.3731384313503188
366,DC_H2S,DC_CO2 log10,0.37041306681481
98,VSA (m2/cc),PV (cc/g),0.3672792528391643
452,Qst_CO2,DC_H2S log10,0.3659353810384353
48,LCD,Qst_CH4,0.3637330474102491
197,PV (cc/g),PLD log10,0.3627160441680384
4,PLD,VF,0.36124254247199983
463,Qst_H2S,K0_H2O log10,0.35985529866632376
456,Qst_H2S,Qst_H2O,0.3528407492799338
342,DC_CO2,K0_CO2 log10,0.351168218663521
532,K0_CO2 log10,P_H2S log10,0.35006691229912185
16,PLD,Qst_CH4,0.34824068443335215
505,LCD log10,P_H2S log10,0.3401746979630111
544,K0_H2O log10,P_CO2 log10,0.33681742673238696
356,DC_H2S,Qst_H2S,0.3335817477811331
535,K0_H2S log10,DC_CO2 log10,0.3302289119720705
142,GSA (m2/g),PLD log10,0.3290339205466802
114,VSA (m2/cc),LCD log10,0.32157364608823635
193,PV (cc/g),Qst_CH4,0.32153418306818793
435,Qst_CH4,DC_CH4 log10,0.3164645307202498
430,Qst_CH4,PV (cc/g) log10,0.3154973262169721
484,PLD log10,PV (cc/g) log10,0.3135459143136285
337,DC_CO2,Qst_H2O,0.31267405385699426
3,PLD,GSA (m2/g),0.3051553695675005
188,PV (cc/g),DC_CO2,0.30115435171733546
22,PLD,PV (cc/g) log10,0.3003834978024756
529,K0_CO2 log10,DC_H2S log10,0.298021158617173
308,DC_CH4,DC_CO2,0.2973270468357765
343,DC_CO2,K0_H2S log10,0.2968275873057255
344,DC_CO2,K0_H2O log10,0.2957173199592251
533,K0_H2S log10,K0_H2O log10,0.29519523048150487
481,Qst_H2O,P_CO2 log10,0.2943762770141121
433,Qst_CH4,K0_H2S log10,0.29012618681618507
64,LCD,P_H2S log10,0.29001359671044247
233,K0_CH4,P_CH4 log10,0.28755409743679056
524,K0_CH4 log10,P_H2S log10,0.28750000043872076
65,Density (g/cc),VSA (m2/cc),0.28670275310577154
440,Qst_CH4,P_H2S log10,0.28274494712893394
120,VSA (m2/cc),DC_CH4 log10,0.2827380559572984
494,PLD log10,P_H2S log10,0.2814078368771301
133,GSA (m2/g),DC_CO2,0.2790013900722384
498,LCD log10,K0_H2S log10,0.2761772638987027
326,DC_CH4,DC_H2S log10,0.27523975247786525
132,GSA (m2/g),DC_CH4,0.27313585321577355
487,PLD log10,K0_H2S log10,0.2712593310920097
475,Qst_H2O,K0_H2S log10,0.27121423149629714
548,DC_CH4 log10,P_CH4 log10,0.26365838707156225
345,DC_CO2,DC_CH4 log10,0.262764066553689
458,Qst_H2S,LCD log10,0.26043415068089476
542,K0_H2O log10,DC_H2S log10,0.256087113560876
32,PLD,P_H2S log10,0.25511565658893864
149,GSA (m2/g),DC_CH4 log10,0.25504154352764596
479,Qst_H2O,DC_H2S log10,0.25389963041870794
140,GSA (m2/g),Qst_H2S,0.25352193959911373
455,Qst_CO2,P_H2S log10,0.250612213599562
57,LCD,K0_H2S log10,0.24010863906118962
426,Qst_CH4,Qst_H2S,0.23954265923989726
355,DC_H2S,Qst_CO2,0.23786515528294852
195,PV (cc/g),Qst_H2S,0.23773300674804718
34,LCD,VSA (m2/cc),0.23663992478077253
50,LCD,Qst_H2S,0.23307100757079874
235,K0_CH4,P_H2S log10,0.23294206797187392
25,PLD,K0_H2S log10,0.23241582383244058
457,Qst_H2S,PLD log10,0.23239755444107346
504,LCD log10,P_CO2 log10,0.23050972834179145
103,VSA (m2/cc),DC_CH4,0.22975366876925898
459,Qst_H2S,PV (cc/g) log10,0.2273202078844934
168,VF,Qst_H2S,0.22530897041157805
340,DC_CO2,PV (cc/g) log10,0.22007272643170708
558,P_CH4 log10,P_CO2 log10,0.21932119686076332
363,DC_H2S,K0_H2S log10,0.21556470300790762
313,DC_CH4,Qst_CH4,0.21259734859023466
177,VF,DC_CH4 log10,0.20918141055572317
113,VSA (m2/cc),PLD log10,0.2078237236709159
187,PV (cc/g),DC_CH4,0.20570155854707098
134,GSA (m2/g),DC_H2S,0.20427523561545302
18,PLD,Qst_H2S,0.20072582269947292
493,PLD log10,P_CO2 log10,0.19879617342651157
327,DC_CH4,P_CH4 log10,0.19759927850771772
84,Density (g/cc),LCD log10,0.1966482791790121
63,LCD,P_CO2 log10,0.1937405631727465
444,Qst_CO2,LCD log10,0.19106879944207564
189,PV (cc/g),DC_H2S,0.1886487543438767
33,LCD,Density (g/cc),0.18855324278320643
160,VF,DC_CH4,0.1875579116413129
517,K0_CH4 log10,K0_H2S log10,0.18466335964340336
485,PLD log10,K0_CH4 log10,0.18341900434737934
43,LCD,DC_CO2,0.17976926120595857
209,PV (cc/g),P_H2S log10,0.17561022948269908
497,LCD log10,K0_CO2 log10,0.17499584055673686
182,VF,P_H2S log10,0.17382931400100154
555,DC_H2S log10,P_CH4 log10,0.17338112889267773
31,PLD,P_CO2 log10,0.17177359975882683
49,LCD,Qst_CO2,0.16818511695585342
515,PV (cc/g) log10,P_H2S log10,0.1681555273754778
486,PLD log10,K0_CO2 log10,0.16778648636138035
362,DC_H2S,K0_CO2 log10,0.16585368291809163
338,DC_CO2,PLD log10,0.16518770912917102
443,Qst_CO2,PLD log10,0.16271520665689596
161,VF,DC_CO2,0.16189766739105946
204,PV (cc/g),DC_CH4 log10,0.16159105756695555
111,VSA (m2/cc),Qst_H2S,0.16058994780108415
489,PLD log10,DC_CH4 log10,0.1596698947764525
11,PLD,DC_CO2,0.15800625606446891
339,DC_CO2,LCD log10,0.1579372600772184
147,GSA (m2/g),K0_H2S log10,0.15766371456262634
23,PLD,K0_CH4 log10,0.15746084034840432
202,PV (cc/g),K0_H2S log10,0.15713633505761157
2,PLD,VSA (m2/cc),0.15378829541351807
387,P_CH4,P_CH4 log10,0.15129928985475097
194,PV (cc/g),Qst_CO2,0.15004567082671794
56,LCD,K0_CO2 log10,0.14893470846021964
175,VF,K0_H2S log10,0.14876145689538262
151,GSA (m2/g),DC_H2S log10,0.14736704063495198
154,GSA (m2/g),P_H2S log10,0.14727568589048007
368,DC_H2S,P_CH4 log10,0.14683062502654443
445,Qst_CO2,PV (cc/g) log10,0.14335922750161392
496,LCD log10,K0_CH4 log10,0.1427038298257128
24,PLD,K0_CO2 log10,0.14193371149975337
319,DC_CH4,PV (cc/g) log10,0.14117881771184415
139,GSA (m2/g),Qst_CO2,0.14114983700585962
546,DC_CH4 log10,DC_CO2 log10,0.14099132438412693
510,PV (cc/g) log10,DC_CH4 log10,0.14044501908137375
150,GSA (m2/g),DC_CO2 log10,0.14029665497733898
17,PLD,Qst_CO2,0.140022729469196
357,DC_H2S,Qst_H2O,0.13719158378324517
228,K0_CH4,K0_H2S log10,0.13710274697468147
205,PV (cc/g),DC_CO2 log10,0.1341232145359288
364,DC_H2S,K0_H2O log10,0.13330954876559703
27,PLD,DC_CH4 log10,0.13176157793896293
523,K0_CH4 log10,P_CO2 log10,0.1303634183499774
511,PV (cc/g) log10,DC_CO2 log10,0.1303369777957261
334,DC_CO2,Qst_CH4,0.12963254251379971
553,DC_CO2 log10,P_CO2 log10,0.1287528609823678
508,PV (cc/g) log10,K0_H2S log10,0.12740727749222003
464,Qst_H2S,DC_CH4 log10,0.12374977065803144
74,Density (g/cc),DC_CO2,0.1235644072741345
438,Qst_CH4,P_CH4 log10,0.12328580093573484
206,PV (cc/g),DC_H2S log10,0.1201560034982995
439,Qst_CH4,P_CO2 log10,0.12004008202916329
360,DC_H2S,PV (cc/g) log10,0.11890855908040752
351,DC_H2S,P_CH4,0.11886939471033443
55,LCD,K0_CH4 log10,0.11844572538118006
317,DC_CH4,PLD log10,0.11335145695641753
325,DC_CH4,DC_CO2 log10,0.11321683996871426
104,VSA (m2/cc),DC_CO2,0.11090456533664524
500,LCD log10,DC_CH4 log10,0.10913486107785436
10,PLD,DC_CH4,0.1081339155452932
59,LCD,DC_CH4 log10,0.10761843057879003
83,Density (g/cc),PLD log10,0.1071188784301044
162,VF,DC_H2S,0.10440718315125445
512,PV (cc/g) log10,DC_H2S log10,0.10379694190045373
42,LCD,DC_CH4,0.10306688719752012
208,PV (cc/g),P_CO2 log10,0.10219598549441351
1,PLD,Density (g/cc),0.09873444246534085
44,LCD,DC_H2S,0.09865514129231576
167,VF,Qst_CO2,0.09835499239551207
501,LCD log10,DC_CO2 log10,0.09828941289054109
354,DC_H2S,Qst_CH4,0.09778770739297106
81,Density (g/cc),Qst_H2S,0.09723688396059363
60,LCD,DC_CO2 log10,0.0960527214289969
358,DC_H2S,PLD log10,0.0953046217356528
122,VSA (m2/cc),DC_H2S log10,0.0950144500009374
234,K0_CH4,P_CO2 log10,0.09466880469479781
105,VSA (m2/cc),DC_H2S,0.09459163728281395
425,Qst_CH4,Qst_CO2,0.09372261279585513
490,PLD log10,DC_CO2 log10,0.09307597154475862
315,DC_CH4,Qst_H2S,0.0928664925664704
237,K0_CO2,K0_H2O,0.09225989535116391
289,K0_H2O,P_CO2,0.09223630743381633
310,DC_CH4,P_CH4,0.0912608970656914
91,Density (g/cc),DC_CO2 log10,0.09108966633867102
224,K0_CH4,LCD log10,0.09077344707984693
223,K0_CH4,PLD log10,0.09050709667216127
179,VF,DC_H2S log10,0.08894808035141566
432,Qst_CH4,K0_CO2 log10,0.08878579696252756
514,PV (cc/g) log10,P_CO2 log10,0.08859188270019244
118,VSA (m2/cc),K0_H2S log10,0.08839240141293304
389,P_CH4,P_H2S log10,0.0878635793630825
12,PLD,DC_H2S,0.08624388099368346
201,PV (cc/g),K0_CO2 log10,0.0840455185679935
349,DC_CO2,P_CO2 log10,0.08343017558354603
318,DC_CH4,LCD log10,0.08284624624750658
545,K0_H2O log10,P_H2S log10,0.08254455521266565
80,Density (g/cc),Qst_CO2,0.08221480381766476
28,PLD,DC_CO2 log10,0.08148278249752855
437,Qst_CH4,DC_H2S log10,0.08106767334473053
178,VF,DC_CO2 log10,0.08065560196086541
534,K0_H2S log10,DC_CH4 log10,0.07925283913359767
99,VSA (m2/cc),K0_CH4,0.07902896091736789
359,DC_H2S,LCD log10,0.07883656142625499
79,Density (g/cc),Qst_CH4,0.0788019857522701
491,PLD log10,DC_H2S log10,0.07690542880380738
173,VF,K0_CH4 log10,0.07649653188961675
156,VF,K0_CH4,0.07516079420726574
556,DC_H2S log10,P_CO2 log10,0.07346195163853665
153,GSA (m2/g),P_CO2 log10,0.07301989136611307
6,PLD,K0_CH4,0.07256028304409369
95,Density (g/cc),P_H2S log10,0.07214507538614659
482,Qst_H2O,P_H2S log10,0.07080305602729327
146,GSA (m2/g),K0_CO2 log10,0.06926946747275016
61,LCD,DC_H2S log10,0.06914065450727519
125,VSA (m2/cc),P_H2S log10,0.06872185387226003
38,LCD,K0_CH4,0.06809869299106866
121,VSA (m2/cc),DC_CO2 log10,0.06734040502389885
507,PV (cc/g) log10,K0_CO2 log10,0.06698118005819334
503,LCD log10,P_CH4 log10,0.06651873166175132
502,LCD log10,DC_H2S log10,0.06647889360216193
519,K0_CH4 log10,DC_CH4 log10,0.06561225905662343
380,P_CH4,K0_CH4 log10,0.06434994902214836
29,PLD,DC_H2S log10,0.06235025905846183
110,VSA (m2/cc),Qst_CO2,0.060954111854772765
116,VSA (m2/cc),K0_CH4 log10,0.05984515834708025
181,VF,P_CO2 log10,0.058411527306020436
537,K0_H2S log10,P_CH4 log10,0.058275700022607506
62,LCD,P_CH4 log10,0.055537289623686766
75,Density (g/cc),DC_H2S,0.053276107377122184
552,DC_CO2 log10,P_CH4 log10,0.052450333893797794
92,Density (g/cc),DC_H2S log10,0.0524387566457681
516,K0_CH4 log10,K0_CO2 log10,0.051908741695170235
322,DC_CH4,K0_H2S log10,0.05028320266807249
94,Density (g/cc),P_CO2 log10,0.049326007461893875
73,Density (g/cc),DC_CH4,0.04892563452847625
128,GSA (m2/g),K0_CH4,0.048229937264505016
348,DC_CO2,P_CH4 log10,0.04807567270470602
90,Density (g/cc),DC_CH4 log10,0.0469052916507412
436,Qst_CH4,DC_CO2 log10,0.04649742778891988
460,Qst_H2S,K0_CH4 log10,0.04644748797368036
221,K0_CH4,Qst_H2S,0.04416614380691716
554,DC_CO2 log10,P_H2S log10,0.04398109372545988
350,DC_CO2,P_H2S log10,0.043787927063752785
174,VF,K0_CO2 log10,0.0429801480844133
145,GSA (m2/g),K0_CH4 log10,0.04183958357781391
30,PLD,P_CH4 log10,0.041134448925827856
492,PLD log10,P_CH4 log10,0.040042317351808146
473,Qst_H2O,K0_CH4 log10,0.03942087018498943
450,Qst_CO2,DC_CH4 log10,0.038557529657753324
373,P_CH4,Qst_CH4,0.037256635851188546
388,P_CH4,P_CO2 log10,0.03654321241925409
406,P_CO2,P_CO2 log10,0.03631511009529506
530,K0_CO2 log10,P_CH4 log10,0.03521968465763687
88,Density (g/cc),K0_H2S log10,0.03453035927472208
518,K0_CH4 log10,K0_H2O log10,0.03434285655774276
259,K0_CO2,P_CO2 log10,0.03391508492325869
384,P_CH4,DC_CH4 log10,0.03271353977044176
222,K0_CH4,Qst_H2O,0.03222641418281203
320,DC_CH4,K0_CH4 log10,0.03205276644572815
87,Density (g/cc),K0_CO2 log10,0.0314079174698953
314,DC_CH4,Qst_CO2,0.03088684998910341
227,K0_CH4,K0_CO2 log10,0.029926350373580223
424,P_H2S,P_H2S log10,0.02974336064091797
229,K0_CH4,K0_H2O log10,0.02903162638011659
230,K0_CH4,DC_CH4 log10,0.028673581871115014
331,DC_CO2,P_CH4,0.028475738250307494
369,DC_H2S,P_CO2 log10,0.02653299430516444
200,PV (cc/g),K0_CH4 log10,0.026346201146180984
471,Qst_H2O,LCD log10,0.02599913936329657
499,LCD log10,K0_H2O log10,0.025965557555631655
183,PV (cc/g),K0_CH4,0.025596733418623698
58,LCD,K0_H2O log10,0.025271051274564738
399,P_CO2,K0_CO2 log10,0.02486403593525694
417,P_H2S,K0_H2S log10,0.024470200847269974
51,LCD,Qst_H2O,0.02446569809156382
284,K0_H2S,P_H2S log10,0.023905057423186236
252,K0_CO2,K0_CO2 log10,0.023688544856835303
488,PLD log10,K0_H2O log10,0.022881132579598187
277,K0_H2S,K0_H2S log10,0.02245264793877798
386,P_CH4,DC_H2S log10,0.022230005612373246
470,Qst_H2O,PLD log10,0.021984502483883346
410,P_H2S,Qst_H2S,0.021153418122887534
301,K0_H2O,K0_H2O log10,0.020759160970018117
26,PLD,K0_H2O log10,0.020457907426829246
196,PV (cc/g),Qst_H2O,0.020351732546141744
270,K0_H2S,Qst_H2S,0.020048450819361702
225,K0_CH4,PV (cc/g) log10,0.019131549884481736
19,PLD,Qst_H2O,0.019112953694561605
82,Density (g/cc),Qst_H2O,0.018283812471660155
117,VSA (m2/cc),K0_CO2 log10,0.017854860351258297
294,K0_H2O,Qst_H2O,0.0170696811133749
382,P_CH4,K0_H2S log10,0.016454603222871282
86,Density (g/cc),K0_CH4 log10,0.016276565638052694
472,Qst_H2O,PV (cc/g) log10,0.01626414622836185
203,PV (cc/g),K0_H2O log10,0.016207387972592965
392,P_CO2,Qst_CO2,0.015893348690581528
245,K0_CO2,Qst_CO2,0.01530758837283164
124,VSA (m2/cc),P_CO2 log10,0.014853533707791185
527,K0_CO2 log10,DC_CH4 log10,0.014590322557367343
180,VF,P_CH4 log10,0.014398559235916854
89,Density (g/cc),K0_H2O log10,0.013855084164948323
207,PV (cc/g),P_CH4 log10,0.012029533152241216
299,K0_H2O,K0_CO2 log10,0.011682029608186161
480,Qst_H2O,P_CH4 log10,0.01155487194901989
292,K0_H2O,Qst_CO2,0.01153308812463364
378,P_CH4,LCD log10,0.01145879033649563
509,PV (cc/g) log10,K0_H2O log10,0.011020378424634873
446,Qst_CO2,K0_CH4 log10,0.01066069152820047
321,DC_CH4,K0_CO2 log10,0.0102436608974848
306,K0_H2O,P_CO2 log10,0.009229839373198325
163,VF,P_CH4,0.0090682275470851
434,Qst_CH4,K0_H2O log10,0.008821898842975854
385,P_CH4,DC_CO2 log10,0.008451160839627013
141,GSA (m2/g),Qst_H2O,0.008391012016089543
513,PV (cc/g) log10,P_CH4 log10,0.008274055986375269
550,DC_CH4 log10,P_H2S log10,0.007563202502672059
45,LCD,P_CH4,0.007541405087277705
543,K0_H2O log10,P_CH4 log10,0.007322776572428912
303,K0_H2O,DC_CO2 log10,0.007163840168944459
400,P_CO2,K0_H2S log10,0.007139509435095114
220,K0_CH4,Qst_CO2,0.0071232234429143846
409,P_H2S,Qst_CO2,0.007000912624621082
215,K0_CH4,DC_H2S,0.006891309861771201
506,PV (cc/g) log10,K0_CH4 log10,0.006809148706040205
269,K0_H2S,Qst_CO2,0.006759846799134724
427,Qst_CH4,Qst_H2O,0.006650535203623605
253,K0_CO2,K0_H2S log10,0.006547243885345479
119,VSA (m2/cc),K0_H2O log10,0.006511069284152398
329,DC_CH4,P_H2S log10,0.006445360747322765
106,VSA (m2/cc),P_CH4,0.006185437764785093
416,P_H2S,K0_CO2 log10,0.006020025474886576
423,P_H2S,P_CO2 log10,0.005989643315538352
393,P_CO2,Qst_H2S,0.0057745508081416316
401,P_CO2,K0_H2O log10,0.0056990956583287756
276,K0_H2S,K0_CO2 log10,0.005692184453407636
379,P_CH4,PV (cc/g) log10,0.005610196257690421
275,K0_H2S,K0_CH4 log10,0.005461115645928502
246,K0_CO2,Qst_H2S,0.005344510728237167
381,P_CH4,K0_CO2 log10,0.005302872648309509
254,K0_CO2,K0_H2O log10,0.005295638716060906
377,P_CH4,PLD log10,0.005015085030412571
283,K0_H2S,P_CO2 log10,0.004883214940777404
394,P_CO2,Qst_H2O,0.004861137134167176
278,K0_H2S,K0_H2O log10,0.004827237016810099
135,GSA (m2/g),P_CH4,0.004642306226192048
247,K0_CO2,Qst_H2O,0.00453557342589637
148,GSA (m2/g),K0_H2O log10,0.0044869334233759595
375,P_CH4,Qst_H2S,0.004444278410740712
13,PLD,P_CH4,0.00442765353508947
404,P_CO2,DC_H2S log10,0.0043471387747584245
418,P_H2S,K0_H2O log10,0.004343519873755663
271,K0_H2S,Qst_H2O,0.004105608187536924
549,DC_CH4 log10,P_CO2 log10,0.003884000272630315
257,K0_CO2,DC_H2S log10,0.0038715037695155946
415,P_H2S,K0_CH4 log10,0.0038009779777303052
190,PV (cc/g),P_CH4,0.003783410034766876
293,K0_H2O,Qst_H2S,0.0037079865559912027
411,P_H2S,Qst_H2O,0.0036599623535132227
231,K0_CH4,DC_CO2 log10,0.0036323529243070213
372,P_CH4,P_H2S,0.0033694793771405587
453,Qst_CO2,P_CH4 log10,0.0032623794585977077
280,K0_H2S,DC_CO2 log10,0.0030192778990120787
376,P_CH4,Qst_H2O,0.0029833193801468262
407,P_CO2,P_H2S log10,0.0028924057324056984
328,DC_CH4,P_CO2 log10,0.0028606918240953543
341,DC_CO2,K0_CH4 log10,0.002775284590724869
520,K0_CH4 log10,DC_CO2 log10,0.002770308881559398
152,GSA (m2/g),P_CH4 log10,0.0027368981216630847
260,K0_CO2,P_H2S log10,0.0027056026488664845
300,K0_H2O,K0_H2S log10,0.00270261808947621
420,P_H2S,DC_CO2 log10,0.0025424684069235946
72,Density (g/cc),K0_H2O,0.002511051110220937
383,P_CH4,K0_H2O log10,0.0024333982591366703
297,K0_H2O,PV (cc/g) log10,0.002230906780121367
256,K0_CO2,DC_CO2 log10,0.0022030027312920906
112,VSA (m2/cc),Qst_H2O,0.0021515896937518916
286,K0_H2O,DC_CO2,0.0021495171041179604
403,P_CO2,DC_CO2 log10,0.002133409451819427
281,K0_H2S,DC_H2S log10,0.002069088252966903
557,DC_H2S log10,P_H2S log10,0.0019593566449663787
304,K0_H2O,DC_H2S log10,0.001870679399363226
76,Density (g/cc),P_CH4,0.0018304241818171533
361,DC_H2S,K0_CH4 log10,0.0018251079397316764
467,Qst_H2S,P_CH4 log10,0.0017194494130393088
213,K0_CH4,DC_CH4,0.0016243490527653977
307,K0_H2O,P_H2S log10,0.0016226965370885974
282,K0_H2S,P_CH4 log10,0.001596483098406501
414,P_H2S,PV (cc/g) log10,0.0014424611980201276
374,P_CH4,Qst_CO2,0.0014124078853848553
298,K0_H2O,K0_CH4 log10,0.0013843231858407356
296,K0_H2O,LCD log10,0.0013379080331380956
78,Density (g/cc),P_H2S,0.00133614348199805
421,P_H2S,DC_H2S log10,0.0012144830083184747
108,VSA (m2/cc),P_H2S,0.0012124768868982596
71,Density (g/cc),K0_H2S,0.0011365476626391839
165,VF,P_H2S,0.001126568314395615
159,VF,K0_H2O,0.0011203434059160015
274,K0_H2S,PV (cc/g) log10,0.0011149011536785566
131,GSA (m2/g),K0_H2O,0.001081370503722176
186,PV (cc/g),K0_H2O,0.001015074598344228
93,Density (g/cc),P_CH4 log10,0.001014574361550657
102,VSA (m2/cc),K0_H2O,0.0009880965350769718
287,K0_H2O,DC_H2S,0.0008980217751784007
41,LCD,K0_H2O,0.0008909386297300387
295,K0_H2O,PLD log10,0.0008649471296746183
101,VSA (m2/cc),K0_H2S,0.0008575987270660696
305,K0_H2O,P_CH4 log10,0.0008303954677167218
158,VF,K0_H2S,0.0007717229791779553
107,VSA (m2/cc),P_CO2,0.0007663804170795045
137,GSA (m2/g),P_H2S,0.0007497054185551146
263,K0_H2S,DC_CO2,0.0007269403737249051
100,VSA (m2/cc),K0_CO2,0.000684749257269963
214,K0_CH4,DC_CO2,0.0006780592809200162
9,PLD,K0_H2O,0.0006717228187130578
332,DC_CO2,P_CO2,0.000637283604581911
239,K0_CO2,DC_CO2,0.0006079237093588824
212,K0_CH4,K0_H2O,0.0006055844286109742
192,PV (cc/g),P_H2S,0.0005844281137351782
268,K0_H2S,Qst_CH4,0.0005780775657969624
395,P_CO2,PLD log10,0.0005525491858361123
312,DC_CH4,P_H2S,0.0005517458760893199
264,K0_H2S,DC_H2S,0.0005369457398372411
130,GSA (m2/g),K0_H2S,0.0005332847398150897
352,DC_H2S,P_CO2,0.0005249259912277795
419,P_H2S,DC_CH4 log10,0.0005141287005407204
123,VSA (m2/cc),P_CH4 log10,0.0005036558462970653
218,K0_CH4,P_H2S,0.0004988784757133737
285,K0_H2O,DC_CH4,0.0004946643351129087
248,K0_CO2,PLD log10,0.0004926970494825575
240,K0_CO2,DC_H2S,0.00048415023486844786
422,P_H2S,P_CH4 log10,0.00046802276827956975
136,GSA (m2/g),P_CO2,0.0004328571502754515
185,PV (cc/g),K0_H2S,0.00042774347064993733
261,K0_H2S,K0_H2O,0.0004028947445863149
540,K0_H2O log10,DC_CH4 log10,0.0003887649040026365
129,GSA (m2/g),K0_CO2,0.00038766197977820906
14,PLD,P_CO2,0.0003577020292887116
397,P_CO2,PV (cc/g) log10,0.0003394506933559902
7,PLD,K0_CO2,0.00032062391702415883
333,DC_CO2,P_H2S,0.00031762679573593396
290,K0_H2O,P_H2S,0.0003040068288144552
396,P_CO2,LCD log10,0.0002970223984681187
272,K0_H2S,PLD log10,0.0002931603561563213
250,K0_CO2,PV (cc/g) log10,0.00027915443033954383
211,K0_CH4,K0_H2S,0.00027776937671829385
302,K0_H2O,DC_CH4 log10,0.000276705085182971
77,Density (g/cc),P_CO2,0.00025844601040282076
176,VF,K0_H2O log10,0.00024638183722409604
249,K0_CO2,LCD log10,0.0002371320795962389
164,VF,P_CO2,0.00023318896569098137
46,LCD,P_CO2,0.0002192716805971773
279,K0_H2S,DC_CH4 log10,0.00021834230826032214
232,K0_CH4,DC_H2S log10,0.00021707742614673
191,PV (cc/g),P_CO2,0.00021431993050899178
521,K0_CH4 log10,DC_H2S log10,0.0002066699476660438
157,VF,K0_CO2,0.00020113432419858324
70,Density (g/cc),K0_CO2,0.00019473405752290062
412,P_H2S,PLD log10,0.00018832694930633973
184,PV (cc/g),K0_CO2,0.00018588155879917354
39,LCD,K0_CO2,0.0001841153808418118
408,P_H2S,Qst_CH4,0.0001809669781153052
8,PLD,K0_H2S,0.0001485512457140894
370,DC_H2S,P_H2S log10,0.00013099731056654716
217,K0_CH4,P_CO2,9.478243275405118e-05
210,K0_CH4,K0_CO2,9.216941522942476e-05
311,DC_CH4,P_CO2,9.068677532749939e-05
69,Density (g/cc),K0_CH4,8.921388634646781e-05
15,PLD,P_H2S,8.158013689114958e-05
398,P_CO2,K0_CH4 log10,7.233968429164707e-05
238,K0_CO2,DC_CH4,7.19113664080749e-05
323,DC_CH4,K0_H2O log10,7.036760933168114e-05
262,K0_H2S,DC_CH4,6.978977656421535e-05
169,VF,Qst_H2O,6.34730491437551e-05
266,K0_H2S,P_CO2,6.333411999244404e-05
236,K0_CO2,K0_H2S,6.258439400432878e-05
47,LCD,P_H2S,6.043262939446895e-05
316,DC_CH4,Qst_H2O,5.901340128403876e-05
251,K0_CO2,K0_CH4 log10,5.895990695689637e-05
391,P_CO2,Qst_CH4,5.877700729575635e-05
244,K0_CO2,Qst_CH4,4.69319417682431e-05
288,K0_H2O,P_CH4,4.258345721398785e-05
413,P_H2S,LCD log10,2.8092135535081498e-05
405,P_CO2,P_CH4 log10,2.636362500443327e-05
402,P_CO2,DC_CH4 log10,2.5357335684465882e-05
353,DC_H2S,P_H2S,1.5101081204040554e-05
265,K0_H2S,P_CH4,1.2753477880202566e-05
40,LCD,K0_H2S,9.768428204651821e-06
241,K0_CO2,P_CH4,7.001945908740864e-06
258,K0_CO2,P_CH4 log10,6.474762831817146e-06
371,P_CH4,P_CO2,4.952233460508057e-06
255,K0_CO2,DC_CH4 log10,4.168509583207317e-06
243,K0_CO2,P_H2S,2.5501403911397753e-06
390,P_CO2,P_H2S,2.4975604255943058e-06
291,K0_H2O,Qst_CH4,1.1482957874757561e-06
477,Qst_H2O,DC_CH4 log10,4.559598524108774e-07
273,K0_H2S,LCD log10,3.315380755450303e-07
